name,label
0,contrat
1,contrat
2,contrat
3,contrat
4,contrat
5,contrat
6,contrat
7,contrat
8,contrat
9,contrat
10,contrat
11,contrat
12,contrat
13,contrat
14,contrat
15,contrat
16,contrat
17,contrat
18,contrat
19,contrat
20,contrat
21,contrat
22,contrat
23,contrat
24,contrat
25,contrat
26,contrat
27,contrat
28,contrat
29,contrat
30,contrat
31,contrat
32,contrat
33,contrat
34,contrat
35,contrat
36,contrat
37,contrat
38,contrat
39,contrat
40,contrat
41,contrat
42,contrat
43,contrat
44,contrat
45,contrat
46,contrat
47,contrat
48,contrat
49,contrat
50,contrat
51,contrat
52,contrat
53,contrat
54,contrat
55,contrat
56,contrat
57,contrat
58,contrat
59,contrat
60,contrat
61,contrat
62,contrat
63,contrat
64,contrat
65,contrat
66,contrat
67,contrat
68,contrat
69,contrat
70,contrat
71,contrat
72,contrat
73,contrat
74,contrat
75,contrat
76,contrat
77,contrat
78,contrat
79,contrat
80,contrat
81,contrat
82,contrat
83,contrat
84,contrat
85,contrat
86,contrat
87,contrat
88,contrat
89,contrat
90,contrat
91,contrat
92,contrat
93,contrat
94,contrat
95,contrat
96,contrat
97,contrat
98,contrat
99,contrat
100,contrat
101,contrat
102,contrat
103,contrat
104,contrat
105,contrat
106,contrat
107,contrat
108,contrat
109,contrat
110,contrat
111,contrat
112,contrat
113,contrat
114,contrat
115,contrat
116,contrat
117,contrat
118,contrat
119,contrat
120,contrat
121,contrat
122,contrat
123,contrat
124,contrat
125,contrat
126,contrat
127,contrat
128,contrat
129,contrat
130,contrat
131,contrat
132,contrat
133,contrat
134,contrat
135,contrat
136,contrat
137,contrat
138,contrat
139,contrat
140,contrat
141,contrat
142,contrat
143,contrat
144,contrat
145,contrat
146,contrat
147,contrat
148,contrat
149,contrat
150,contrat
151,contrat
152,contrat
153,contrat
154,contrat
155,contrat
156,contrat
157,contrat
158,contrat
159,contrat
160,contrat
161,contrat
162,contrat
163,contrat
164,contrat
165,contrat
166,contrat
167,contrat
168,contrat
169,contrat
170,contrat
171,contrat
172,contrat
173,contrat
174,contrat
175,contrat
176,contrat
177,contrat
178,contrat
179,contrat
180,contrat
181,contrat
182,contrat
183,contrat
184,contrat
185,contrat
186,contrat
187,contrat
188,contrat
189,contrat
190,contrat
191,contrat
192,contrat
193,contrat
194,contrat
195,contrat
196,contrat
197,contrat
198,contrat
199,contrat
200,contrat
201,contrat
202,contrat
203,contrat
204,contrat
205,contrat
206,contrat
207,contrat
208,contrat
209,contrat
210,contrat
211,contrat
212,contrat
213,contrat
214,contrat
215,contrat
216,contrat
217,contrat
218,contrat
219,contrat
220,contrat
221,contrat
222,contrat
223,contrat
224,contrat
225,contrat
226,contrat
227,contrat
228,contrat
229,contrat
230,contrat
231,contrat
232,contrat
233,contrat
234,contrat
235,contrat
236,contrat
237,contrat
238,contrat
239,contrat
240,contrat
241,contrat
242,contrat
243,contrat
244,contrat
245,contrat
246,contrat
247,contrat
248,contrat
249,contrat
250,contrat
251,contrat
252,contrat
253,contrat
254,contrat
255,contrat
256,contrat
257,contrat
258,contrat
259,contrat
260,contrat
261,contrat
262,contrat
263,contrat
264,contrat
265,contrat
266,contrat
267,contrat
268,contrat
269,contrat
270,contrat
271,contrat
272,contrat
273,contrat
274,contrat
275,contrat
276,contrat
277,contrat
278,contrat
279,contrat
280,contrat
281,contrat
282,contrat
283,contrat
284,contrat
285,contrat
286,contrat
287,contrat
288,contrat
289,contrat
290,contrat
291,contrat
292,contrat
293,contrat
294,contrat
295,contrat
296,contrat
297,contrat
298,contrat
299,contrat
300,contrat
301,contrat
302,contrat
303,contrat
304,contrat
305,contrat
306,contrat
307,contrat
308,contrat
309,contrat
310,contrat
311,contrat
312,contrat
313,contrat
314,contrat
315,contrat
316,contrat
317,contrat
318,contrat
319,contrat
320,contrat
321,contrat
322,contrat
323,contrat
324,contrat
325,contrat
326,contrat
327,contrat
328,contrat
329,contrat
330,contrat
331,contrat
332,contrat
333,contrat
334,contrat
335,contrat
336,contrat
337,contrat
338,contrat
339,contrat
340,contrat
341,contrat
342,contrat
343,contrat
344,contrat
345,contrat
346,contrat
347,contrat
348,contrat
349,contrat
350,contrat
351,contrat
352,contrat
353,contrat
354,contrat
355,contrat
356,contrat
357,contrat
358,contrat
359,contrat
360,contrat
361,contrat
362,contrat
363,contrat
364,contrat
365,contrat
366,contrat
367,contrat
368,contrat
369,contrat
370,contrat
371,contrat
372,contrat
373,contrat
374,contrat
375,contrat
376,contrat
377,contrat
378,contrat
379,contrat
380,contrat
381,contrat
382,contrat
383,contrat
384,contrat
385,contrat
386,contrat
387,contrat
388,contrat
389,contrat
390,contrat
391,contrat
392,contrat
393,contrat
394,contrat
395,contrat
396,contrat
397,contrat
398,contrat
399,contrat
400,contrat
401,contrat
402,contrat
403,contrat
404,contrat
405,contrat
406,contrat
407,contrat
408,contrat
409,contrat
410,contrat
411,contrat
412,contrat
413,contrat
414,contrat
415,contrat
416,contrat
417,contrat
418,contrat
419,contrat
420,contrat
421,contrat
422,contrat
423,contrat
424,contrat
425,contrat
426,contrat
427,contrat
428,contrat
429,contrat
430,contrat
431,contrat
432,contrat
433,contrat
434,contrat
435,contrat
436,contrat
437,contrat
438,contrat
439,contrat
440,contrat
441,contrat
442,contrat
443,contrat
444,contrat
445,contrat
446,contrat
447,contrat
448,contrat
449,contrat
450,contrat
451,contrat
452,contrat
453,contrat
454,contrat
455,contrat
456,contrat
457,contrat
458,contrat
459,contrat
460,contrat
461,contrat
462,contrat
463,contrat
464,contrat
465,contrat
466,contrat
467,contrat
468,contrat
469,contrat
470,contrat
471,contrat
472,contrat
473,contrat
474,contrat
475,contrat
476,contrat
477,contrat
478,contrat
479,contrat
480,contrat
481,contrat
482,contrat
483,contrat
484,contrat
485,contrat
486,contrat
487,contrat
488,contrat
489,contrat
490,contrat
491,contrat
492,contrat
493,contrat
494,contrat
495,contrat
496,contrat
497,contrat
498,contrat
499,contrat
500,contrat
501,contrat
502,contrat
503,contrat
504,contrat
505,contrat
506,contrat
507,contrat
508,contrat
509,contrat
510,contrat
511,contrat
512,contrat
513,contrat
514,contrat
515,contrat
516,contrat
517,contrat
518,contrat
519,contrat
520,contrat
521,contrat
522,contrat
523,contrat
524,contrat
525,contrat
526,contrat
527,contrat
528,contrat
529,contrat
530,contrat
531,contrat
532,contrat
533,contrat
534,contrat
535,contrat
536,contrat
537,contrat
538,contrat
539,contrat
540,contrat
541,contrat
542,contrat
543,contrat
544,contrat
545,contrat
546,contrat
547,contrat
548,contrat
549,contrat
550,contrat
551,contrat
552,contrat
553,contrat
554,contrat
555,contrat
556,contrat
557,contrat
558,contrat
559,contrat
560,contrat
561,contrat
562,contrat
563,contrat
564,contrat
565,contrat
566,contrat
567,contrat
568,contrat
569,contrat
570,contrat
571,contrat
572,contrat
573,contrat
574,contrat
575,contrat
576,contrat
577,contrat
578,contrat
579,contrat
580,contrat
581,contrat
582,contrat
583,contrat
584,contrat
585,contrat
586,contrat
587,contrat
588,contrat
589,contrat
590,contrat
591,contrat
592,contrat
593,contrat
594,contrat
595,contrat
596,contrat
597,contrat
598,contrat
599,contrat
600,contrat
601,contrat
602,contrat
603,contrat
604,contrat
605,contrat
606,contrat
607,contrat
608,contrat
609,contrat
610,contrat
611,contrat
612,contrat
613,contrat
614,contrat
615,contrat
616,contrat
617,contrat
618,contrat
619,contrat
620,contrat
621,contrat
622,contrat
623,contrat
624,contrat
625,contrat
626,contrat
627,contrat
628,contrat
629,contrat
630,contrat
631,contrat
632,contrat
633,contrat
634,contrat
635,contrat
636,contrat
637,contrat
638,contrat
639,contrat
640,contrat
641,contrat
642,contrat
643,contrat
644,contrat
645,contrat
646,contrat
647,contrat
648,contrat
649,contrat
650,contrat
651,contrat
652,contrat
653,contrat
654,contrat
655,contrat
656,contrat
657,contrat
658,contrat
659,contrat
660,contrat
661,contrat
662,contrat
663,contrat
664,contrat
665,contrat
666,contrat
667,contrat
668,contrat
669,contrat
670,contrat
671,contrat
672,contrat
673,contrat
674,contrat
675,contrat
676,contrat
677,contrat
678,contrat
679,contrat
680,contrat
681,contrat
682,contrat
683,contrat
684,contrat
685,contrat
686,contrat
687,contrat
688,contrat
689,contrat
690,contrat
691,contrat
692,contrat
693,contrat
694,contrat
695,contrat
696,contrat
697,contrat
698,contrat
699,contrat
700,contrat
701,contrat
702,contrat
703,contrat
704,contrat
705,contrat
706,contrat
707,contrat
708,contrat
709,contrat
710,contrat
711,contrat
712,contrat
713,contrat
714,contrat
715,contrat
716,contrat
717,contrat
718,contrat
719,contrat
720,contrat
721,contrat
722,contrat
723,contrat
724,contrat
725,contrat
726,contrat
727,contrat
728,contrat
729,contrat
730,contrat
731,contrat
732,contrat
733,contrat
734,contrat
735,contrat
736,contrat
737,contrat
738,contrat
739,contrat
740,contrat
741,contrat
742,contrat
743,contrat
744,contrat
745,contrat
746,contrat
747,contrat
748,contrat
749,contrat
750,contrat
751,contrat
752,contrat
753,contrat
754,contrat
755,contrat
756,contrat
757,contrat
758,contrat
759,contrat
760,contrat
761,contrat
762,contrat
763,contrat
764,contrat
765,contrat
766,contrat
767,contrat
768,contrat
769,contrat
770,contrat
771,contrat
772,contrat
773,contrat
774,contrat
775,contrat
776,contrat
777,contrat
778,contrat
779,contrat
780,contrat
781,contrat
782,contrat
783,contrat
784,contrat
785,contrat
786,contrat
787,contrat
788,contrat
789,contrat
790,contrat
791,contrat
792,contrat
793,contrat
794,contrat
795,contrat
796,contrat
797,contrat
798,contrat
799,contrat
800,contrat
801,contrat
802,contrat
803,contrat
804,contrat
805,contrat
806,contrat
807,contrat
808,contrat
809,contrat
810,contrat
811,contrat
812,contrat
813,contrat
814,contrat
815,contrat
816,contrat
817,contrat
818,contrat
819,contrat
820,contrat
821,contrat
822,contrat
823,contrat
824,contrat
825,contrat
826,contrat
827,contrat
828,contrat
829,contrat
830,contrat
831,contrat
832,contrat
833,contrat
834,contrat
835,contrat
836,contrat
837,contrat
838,contrat
839,contrat
840,contrat
841,contrat
842,contrat
843,contrat
844,contrat
845,contrat
846,contrat
847,contrat
848,contrat
849,contrat
850,contrat
851,contrat
852,contrat
853,contrat
854,contrat
855,contrat
856,contrat
857,contrat
858,contrat
859,contrat
860,contrat
861,contrat
862,contrat
863,contrat
864,contrat
865,contrat
866,contrat
867,contrat
868,contrat
869,contrat
870,contrat
871,contrat
872,contrat
873,contrat
874,contrat
875,contrat
876,contrat
877,contrat
878,contrat
879,contrat
880,contrat
881,contrat
882,contrat
883,contrat
884,contrat
885,contrat
886,contrat
887,contrat
888,contrat
889,contrat
890,contrat
891,contrat
892,contrat
893,contrat
894,contrat
895,contrat
896,contrat
897,contrat
898,contrat
899,contrat
900,contrat
901,contrat
902,contrat
903,contrat
904,contrat
905,contrat
906,contrat
907,contrat
908,contrat
909,contrat
910,contrat
911,contrat
912,contrat
913,contrat
914,contrat
915,contrat
916,contrat
917,contrat
918,contrat
919,contrat
920,contrat
921,contrat
922,contrat
923,contrat
924,contrat
925,contrat
926,contrat
927,contrat
928,contrat
929,contrat
930,contrat
931,contrat
932,contrat
933,contrat
934,contrat
935,contrat
936,contrat
937,contrat
938,contrat
939,contrat
940,contrat
941,contrat
942,contrat
943,contrat
944,contrat
945,contrat
946,contrat
947,contrat
948,contrat
949,contrat
950,contrat
951,contrat
952,contrat
953,contrat
954,contrat
955,contrat
956,contrat
957,contrat
958,contrat
959,contrat
960,contrat
961,contrat
962,contrat
963,contrat
964,contrat
965,contrat
966,contrat
967,contrat
968,contrat
969,contrat
970,contrat
971,contrat
972,contrat
973,contrat
974,contrat
975,contrat
976,contrat
977,contrat
978,contrat
979,contrat
980,contrat
981,contrat
982,contrat
983,contrat
984,contrat
985,contrat
986,contrat
987,contrat
988,contrat
989,contrat
990,contrat
991,contrat
992,contrat
993,contrat
994,contrat
995,contrat
996,contrat
997,contrat
998,contrat
999,contrat
1000,facture
1001,facture
1002,facture
1003,facture
1004,facture
1005,facture
1006,facture
1007,facture
1008,facture
1009,facture
1010,facture
1011,facture
1012,facture
1013,facture
1014,facture
1015,facture
1016,facture
1017,facture
1018,facture
1019,facture
1020,facture
1021,facture
1022,facture
1023,facture
1024,facture
1025,facture
1026,facture
1027,facture
1028,facture
1029,facture
1030,facture
1031,facture
1032,facture
1033,facture
1034,facture
1035,facture
1036,facture
1037,facture
1038,facture
1039,facture
1040,facture
1041,facture
1042,facture
1043,facture
1044,facture
1045,facture
1046,facture
1047,facture
1048,facture
1049,facture
1050,facture
1051,facture
1052,facture
1053,facture
1054,facture
1055,facture
1056,facture
1057,facture
1058,facture
1059,facture
1060,facture
1061,facture
1062,facture
1063,facture
1064,facture
1065,facture
1066,facture
1067,facture
1068,facture
1069,facture
1070,facture
1071,facture
1072,facture
1073,facture
1074,facture
1075,facture
1076,facture
1077,facture
1078,facture
1079,facture
1080,facture
1081,facture
1082,facture
1083,facture
1084,facture
1085,facture
1086,facture
1087,facture
1088,facture
1089,facture
1090,facture
1091,facture
1092,facture
1093,facture
1094,facture
1095,facture
1096,facture
1097,facture
1098,facture
1099,facture
1100,facture
1101,facture
1102,facture
1103,facture
1104,facture
1105,facture
1106,facture
1107,facture
1108,facture
1109,facture
1110,facture
1111,facture
1112,facture
1113,facture
1114,facture
1115,facture
1116,facture
1117,facture
1118,facture
1119,facture
1120,facture
1121,facture
1122,facture
1123,facture
1124,facture
1125,facture
1126,facture
1127,facture
1128,facture
1129,facture
1130,facture
1131,facture
1132,facture
1133,facture
1134,facture
1135,facture
1136,facture
1137,facture
1138,facture
1139,facture
1140,facture
1141,facture
1142,facture
1143,facture
1144,facture
1145,facture
1146,facture
1147,facture
1148,facture
1149,facture
1150,facture
1151,facture
1152,facture
1153,facture
1154,facture
1155,facture
1156,facture
1157,facture
1158,facture
1159,facture
1160,facture
1161,facture
1162,facture
1163,facture
1164,facture
1165,facture
1166,facture
1167,facture
1168,facture
1169,facture
1170,facture
1171,facture
1172,facture
1173,facture
1174,facture
1175,facture
1176,facture
1177,facture
1178,facture
1179,facture
1180,facture
1181,facture
1182,facture
1183,facture
1184,facture
1185,facture
1186,facture
1187,facture
1188,facture
1189,facture
1190,facture
1191,facture
1192,facture
1193,facture
1194,facture
1195,facture
1196,facture
1197,facture
1198,facture
1199,facture
1200,facture
1201,facture
1202,facture
1203,facture
1204,facture
1205,facture
1206,facture
1207,facture
1208,facture
1209,facture
1210,facture
1211,facture
1212,facture
1213,facture
1214,facture
1215,facture
1216,facture
1217,facture
1218,facture
1219,facture
1220,facture
1221,facture
1222,facture
1223,facture
1224,facture
1225,facture
1226,facture
1227,facture
1228,facture
1229,facture
1230,facture
1231,facture
1232,facture
1233,facture
1234,facture
1235,facture
1236,facture
1237,facture
1238,facture
1239,facture
1240,facture
1241,facture
1242,facture
1243,facture
1244,facture
1245,facture
1246,facture
1247,facture
1248,facture
1249,facture
1250,facture
1251,facture
1252,facture
1253,facture
1254,facture
1255,facture
1256,facture
1257,facture
1258,facture
1259,facture
1260,facture
1261,facture
1262,facture
1263,facture
1264,facture
1265,facture
1266,facture
1267,facture
1268,facture
1269,facture
1270,facture
1271,facture
1272,facture
1273,facture
1274,facture
1275,facture
1276,facture
1277,facture
1278,facture
1279,facture
1280,facture
1281,facture
1282,facture
1283,facture
1284,facture
1285,facture
1286,facture
1287,facture
1288,facture
1289,facture
1290,facture
1291,facture
1292,facture
1293,facture
1294,facture
1295,facture
1296,facture
1297,facture
1298,facture
1299,facture
1300,facture
1301,facture
1302,facture
1303,facture
1304,facture
1305,facture
1306,facture
1307,facture
1308,facture
1309,facture
1310,facture
1311,facture
1312,facture
1313,facture
1314,facture
1315,facture
1316,facture
1317,facture
1318,facture
1319,facture
1320,facture
1321,facture
1322,facture
1323,facture
1324,facture
1325,facture
1326,facture
1327,facture
1328,facture
1329,facture
1330,facture
1331,facture
1332,facture
1333,facture
1334,facture
1335,facture
1336,facture
1337,facture
1338,facture
1339,facture
1340,facture
1341,facture
1342,facture
1343,facture
1344,facture
1345,facture
1346,facture
1347,facture
1348,facture
1349,facture
1350,facture
1351,facture
1352,facture
1353,facture
1354,facture
1355,facture
1356,facture
1357,facture
1358,facture
1359,facture
1360,facture
1361,facture
1362,facture
1363,facture
1364,facture
1365,facture
1366,facture
1367,facture
1368,facture
1369,facture
1370,facture
1371,facture
1372,facture
1373,facture
1374,facture
1375,facture
1376,facture
1377,facture
1378,facture
1379,facture
1380,facture
1381,facture
1382,facture
1383,facture
1384,facture
1385,facture
1386,facture
1387,facture
1388,facture
1389,facture
1390,facture
1391,facture
1392,facture
1393,facture
1394,facture
1395,facture
1396,facture
1397,facture
1398,facture
1399,facture
1400,facture
1401,facture
1402,facture
1403,facture
1404,facture
1405,facture
1406,facture
1407,facture
1408,facture
1409,facture
1410,facture
1411,facture
1412,facture
1413,facture
1414,facture
1415,facture
1416,facture
1417,facture
1418,facture
1419,facture
1420,facture
1421,facture
1422,facture
1423,facture
1424,facture
1425,facture
1426,facture
1427,facture
1428,facture
1429,facture
1430,facture
1431,facture
1432,facture
1433,facture
1434,facture
1435,facture
1436,facture
1437,facture
1438,facture
1439,facture
1440,facture
1441,facture
1442,facture
1443,facture
1444,facture
1445,facture
1446,facture
1447,facture
1448,facture
1449,facture
1450,facture
1451,facture
1452,facture
1453,facture
1454,facture
1455,facture
1456,facture
1457,facture
1458,facture
1459,facture
1460,facture
1461,facture
1462,facture
1463,facture
1464,facture
1465,facture
1466,facture
1467,facture
1468,facture
1469,facture
1470,facture
1471,facture
1472,facture
1473,facture
1474,facture
1475,facture
1476,facture
1477,facture
1478,facture
1479,facture
1480,facture
1481,facture
1482,facture
1483,facture
1484,facture
1485,facture
1486,facture
1487,facture
1488,facture
1489,facture
1490,facture
1491,facture
1492,facture
1493,facture
1494,facture
1495,facture
1496,facture
1497,facture
1498,facture
1499,facture
1500,facture
1501,facture
1502,facture
1503,facture
1504,facture
1505,facture
1506,facture
1507,facture
1508,facture
1509,facture
1510,facture
1511,facture
1512,facture
1513,facture
1514,facture
1515,facture
1516,facture
1517,facture
1518,facture
1519,facture
1520,facture
1521,facture
1522,facture
1523,facture
1524,facture
1525,facture
1526,facture
1527,facture
1528,facture
1529,facture
1530,facture
1531,facture
1532,facture
1533,facture
1534,facture
1535,facture
1536,facture
1537,facture
1538,facture
1539,facture
1540,facture
1541,facture
1542,facture
1543,facture
1544,facture
1545,facture
1546,facture
1547,facture
1548,facture
1549,facture
1550,facture
1551,facture
1552,facture
1553,facture
1554,facture
1555,facture
1556,facture
1557,facture
1558,facture
1559,facture
1560,facture
1561,facture
1562,facture
1563,facture
1564,facture
1565,facture
1566,facture
1567,facture
1568,facture
1569,facture
1570,facture
1571,facture
1572,facture
1573,facture
1574,facture
1575,facture
1576,facture
1577,facture
1578,facture
1579,facture
1580,facture
1581,facture
1582,facture
1583,facture
1584,facture
1585,facture
1586,facture
1587,facture
1588,facture
1589,facture
1590,facture
1591,facture
1592,facture
1593,facture
1594,facture
1595,facture
1596,facture
1597,facture
1598,facture
1599,facture
1600,facture
1601,facture
1602,facture
1603,facture
1604,facture
1605,facture
1606,facture
1607,facture
1608,facture
1609,facture
1610,facture
1611,facture
1612,facture
1613,facture
1614,facture
1615,facture
1616,facture
1617,facture
1618,facture
1619,facture
1620,facture
1621,facture
1622,facture
1623,facture
1624,facture
1625,facture
1626,facture
1627,facture
1628,facture
1629,facture
1630,facture
1631,facture
1632,facture
1633,facture
1634,facture
1635,facture
1636,facture
1637,facture
1638,facture
1639,facture
1640,facture
1641,facture
1642,facture
1643,facture
1644,facture
1645,facture
1646,facture
1647,facture
1648,facture
1649,facture
1650,facture
1651,facture
1652,facture
1653,facture
1654,facture
1655,facture
1656,facture
1657,facture
1658,facture
1659,facture
1660,facture
1661,facture
1662,facture
1663,facture
1664,facture
1665,facture
1666,facture
1667,facture
1668,facture
1669,facture
1670,facture
1671,facture
1672,facture
1673,facture
1674,facture
1675,facture
1676,facture
1677,facture
1678,facture
1679,facture
1680,facture
1681,facture
1682,facture
1683,facture
1684,facture
1685,facture
1686,facture
1687,facture
1688,facture
1689,facture
1690,facture
1691,facture
1692,facture
1693,facture
1694,facture
1695,facture
1696,facture
1697,facture
1698,facture
1699,facture
1700,facture
1701,facture
1702,facture
1703,facture
1704,facture
1705,facture
1706,facture
1707,facture
1708,facture
1709,facture
1710,facture
1711,facture
1712,facture
1713,facture
1714,facture
1715,facture
1716,facture
1717,facture
1718,facture
1719,facture
1720,facture
1721,facture
1722,facture
1723,facture
1724,facture
1725,facture
1726,facture
1727,facture
1728,facture
1729,facture
1730,facture
1731,facture
1732,facture
1733,facture
1734,facture
1735,facture
1736,facture
1737,facture
1738,facture
1739,facture
1740,facture
1741,facture
1742,facture
1743,facture
1744,facture
1745,facture
1746,facture
1747,facture
1748,facture
1749,facture
1750,facture
1751,facture
1752,facture
1753,facture
1754,facture
1755,facture
1756,facture
1757,facture
1758,facture
1759,facture
1760,facture
1761,facture
1762,facture
1763,facture
1764,facture
1765,facture
1766,facture
1767,facture
1768,facture
1769,facture
1770,facture
1771,facture
1772,facture
1773,facture
1774,facture
1775,facture
1776,facture
1777,facture
1778,facture
1779,facture
1780,facture
1781,facture
1782,facture
1783,facture
1784,facture
1785,facture
1786,facture
1787,facture
1788,facture
1789,facture
1790,facture
1791,facture
1792,facture
1793,facture
1794,facture
1795,facture
1796,facture
1797,facture
1798,facture
1799,facture
1800,facture
1801,facture
1802,facture
1803,facture
1804,facture
1805,facture
1806,facture
1807,facture
1808,facture
1809,facture
1810,facture
1811,facture
1812,facture
1813,facture
1814,facture
1815,facture
1816,facture
1817,facture
1818,facture
1819,facture
1820,facture
1821,facture
1822,facture
1823,facture
1824,facture
1825,facture
1826,facture
1827,facture
1828,facture
1829,facture
1830,facture
1831,facture
1832,facture
1833,facture
1834,facture
1835,facture
1836,facture
1837,facture
1838,facture
1839,facture
1840,facture
1841,facture
1842,facture
1843,facture
1844,facture
1845,facture
1846,facture
1847,facture
1848,facture
1849,facture
1850,facture
1851,facture
1852,facture
1853,facture
1854,facture
1855,facture
1856,facture
1857,facture
1858,facture
1859,facture
1860,facture
1861,facture
1862,facture
1863,facture
1864,facture
1865,facture
1866,facture
1867,facture
1868,facture
1869,facture
1870,facture
1871,facture
1872,facture
1873,facture
1874,facture
1875,facture
1876,facture
1877,facture
1878,facture
1879,facture
1880,facture
1881,facture
1882,facture
1883,facture
1884,facture
1885,facture
1886,facture
1887,facture
1888,facture
1889,facture
1890,facture
1891,facture
1892,facture
1893,facture
1894,facture
1895,facture
1896,facture
1897,facture
1898,facture
1899,facture
1900,facture
1901,facture
1902,facture
1903,facture
1904,facture
1905,facture
1906,facture
1907,facture
1908,facture
1909,facture
1910,facture
1911,facture
1912,facture
1913,facture
1914,facture
1915,facture
1916,facture
1917,facture
1918,facture
1919,facture
1920,facture
1921,facture
1922,facture
1923,facture
1924,facture
1925,facture
1926,facture
1927,facture
1928,facture
1929,facture
1930,facture
1931,facture
1932,facture
1933,facture
1934,facture
1935,facture
1936,facture
1937,facture
1938,facture
1939,facture
1940,facture
1941,facture
1942,facture
1943,facture
1944,facture
1945,facture
1946,facture
1947,facture
1948,facture
1949,facture
1950,facture
1951,facture
1952,facture
1953,facture
1954,facture
1955,facture
1956,facture
1957,facture
1958,facture
1959,facture
1960,facture
1961,facture
1962,facture
1963,facture
1964,facture
1965,facture
1966,facture
1967,facture
1968,facture
1969,facture
1970,facture
1971,facture
1972,facture
1973,facture
1974,facture
1975,facture
1976,facture
1977,facture
1978,facture
1979,facture
1980,facture
1981,facture
1982,facture
1983,facture
1984,facture
1985,facture
1986,facture
1987,facture
1988,facture
1989,facture
1990,facture
1991,facture
1992,facture
1993,facture
1994,facture
1995,facture
1996,facture
1997,facture
1998,facture
1999,facture
